{
    "urls": [
		{"url": "https://agit.ai/376242575/zzh/raw/branch/master/A.txt ","name": "私人影院"},
		{"url": "https://agit.ai/hu/hcr/raw/branch/master/1012.txt","name": "花花世界"},
		{"url": "http://52bsj.vip:98/18dxwoai","name": "吾爱在线"},
		{"url": "https://raw.iqiq.io/jie20091116/cat/main/TVBOX/se.json","name": "星云线路"},
		{"url": "https://codeberg.org/caic/a/raw/branch/main/不正经.json","name": "不正经线路"},
		{"url": "https://agit.ai/guot54/ygbh/raw/branch/master/dxwoai18+.txt","name": "月光线路"},
		{"url": "https://ghproxy.com/https://raw.githubusercontent.com/franksun1211/TVBOX/main/fuli.json","name": "扛把子线路"},
		{"url": "https://agit.ai/SexTVBox/TVBox/raw/branch/master/18sex.txt","name": "Sex线路"},
		{"url": "https://huhujunxx.neocities.org/AV.json","name": "Huhujun线路"},
		{"url": "http://52bsj.vip:81/api/v3/file/get/68420/fl%E6%8E%A5%E5%8F%A3.txt?sign=yowqWMosWpA9ssTwrUNhZKsf_HE8J_RY2mOnY3YBGEw%3D%3A0","name": "鲁班带飞"},
        {"url": "http://52bsj.vip:81/api/v3/file/get/68422/%E9%A3%9E%E6%9C%BA3%20.txt?sign=XOk1BCFag1pL-xqE9sBExIcApSt_qGrVo7DLlV-FMDk%3D%3A0","name": "元芳带飞"},
		{"url": "https://codeberg.org/caic/a/raw/branch/main/不正经.json","name": "吕布带飞"},
		{"url": "https://0a.fit/voWPV","name": "典韦带飞"},
		{"url": "http://52bsj.vip:81/api/v3/file/get/68421/%E9%A3%9E%E6%9C%BA2.txt?sign=5QKm8I2Ovt10UywCyZcGXY7S9LN32e4OR_3wBw0jBJk%3D%3A0","name": "辅助带飞"},
	    {"url": "http://52bsj.vip:81/api/v3/file/get/65805/%E4%BA%BA%E4%BA%BA%E9%A3%9E%E6%9C%BA.txt?sign=NsiWQIsvkHQukAmfGvrz1NbVDw2YY1-axLDdKW6i_1g%3D%3A0","name": "打野带飞"},
		{"url": "http://饭太硬.ga/x/b.json","name": "下路带飞"}
    ]
}