{
  "spider": "./lib/fty.jar",
  "wallpaper": "https://invalid.gq/IS8nrIwAOp7v1A",
  "lives": [
    {
      "name": "live",
      "type": 0,
      "playerType": 1,
      "url": "./bfzb.txt",
      "epg": "https://epg.112114.xyz/?ch={name}&date={date}",
      "logo": "https://epg.112114.xyz/logo/{name}.png"
    }
  ],
  "sites": [
    {
      "key": "xml_火狐",
      "name": "💯F.｜火狐资源",
      "type": 1,
      "style": {
        "type": "rect",
        "ratio": 0.8
      },
      "api": "https://hhzyapi.com/api.php/provide/vod/?ac=list",
      "searchable": 1,
      "quickSearch": 0,
      "filterable": 1,
      "categories": [
        "动作片",
        "喜剧片",
        "爱情片",
        "科幻片",
        "恐怖片",
        "剧情片",
        "战争片",
        "悬疑片",
        "犯罪片",
        "奇幻片",
        "记录片",
        "动画片",
        "伦理片",
        "内地剧",
        "香港剧",
        "台湾剧",
        "日剧",
        "韩剧",
        "欧美剧",
        "马泰剧",
        "大陆综艺",
        "港台综艺",
        "日韩综艺",
        "欧美综艺",
        "中国动漫",
        "日本动漫",
        "欧美动漫"
      ]
    },
    {
      "key": "至圣云(官）",
      "name": "至圣资源(官）",
      "type": 1,
      "api": "http://www.ttkx.site/api.php/provide/vod/"},
    {
      "key": "小胡",
      "name": "小胡资源",
      "type": 1,
      "api": "http://c.小胡.icu/api.php/provide/vod/"
    },
    {
      "key": "四个圈",
      "name": "四圈资源",
      "type": 1,
      "api": "https://pg.fenwe078.cf/api.php/provide/vod/"},
    {
      "key": "夸克资源",
      "name": "夸克资源",
      "type": 1,
      "api": "http://kuakezy1.com/api.php/provide/vod/"},
    {
      "key": "小小影视",
      "name": "小小资源",
      "type": 1,
      "api": "http://haowywz.com/api.php/provide/vod/"},
    {
      "key": "熊掌资源",
      "name": "熊掌资源",
      "type": 1,
      "api": "https://xzcjz.com/api.php/provide/vod/"},
    {
      "key": "快云资源",
      "name": "快云资源",
      "type": 1,
      "api": "https://kuaiyun-api.com/api.php/provide/vod/",
      "searchable": 1,
      "quickSearch": 1,
      "filterable": 0,
      "categories": [
      "国产剧",
      "香港剧",
      "韩国剧",
      "欧美剧",
      "动作片",
      "喜剧片",
      "爱情片",
      "科幻片",
      "恐怖片",
      "剧情片",
      "战争片",
      "纪录片"
     ]
    },
    {
      "key": "jszy",
      "name": "极速资源",
      "type": 1,
      "api": "https://jszyapi.com/api.php/provide/vod/from/jsm3u8",
      "searchable": 1,
      "changeable": 1,
      "quickSearch": 1,
      "filterable": 1,
      "categories": ["动作片","爱情片","喜剧片","科幻片","恐怖片","剧情片","战争片","记录片","灾难片","悬疑片","犯罪片","奇幻片","动画片","中国动漫","日本动漫","欧美动漫","内地剧","欧美剧","香港剧","台湾剧","韩剧","日剧","马泰剧","伦理片","体育赛事","大陆综艺","港台综艺","日韩综艺","欧美综艺"]},
    {
      "key": "xz资源",
      "name": "xz资源",
      "type": 1,
      "api": "http://cms.xzam.cn/api.php/provide/vod/"},
    {
      "key": "乐视资源",
      "name": "乐视资源",
      "type": 1,
      "api": "https://leshizyapi.com/api.php/provide/vod/at/json/"},
    {"key":"快帆","name":"快帆采集","type":1,"api":"https://api.kuaifan.tv/api.php/provide/vod","categories":["国产剧","香港剧","台湾剧","韩国剧","日本剧","欧美剧","动作片","动画片","短片","喜剧片","爱情片","科幻片","古装片","历史片","大陆综艺","港台综艺","日韩综艺","国产动漫","欧美动漫","日本动漫"]},
    {
      "key": "光速资源",
      "name": "光速资源",
      "type": 1,
      "api": "https://api.guangsuapi.com/api.php/provide/vod/",
      "searchable": 1,
      "style": {
        "type": "rect",
        "ratio": 0.8
      },
      "quickSearch": 1
    },
    {
      "key": "A8",
      "name": "A8资源",
      "type": 3,
      "api": "csp_AppYsV2",
      "searchable": 1,
      "quickSearch": 1,
      "changeable": 1,
      "ext": "https://aaa.a8ys.xyz/ruifenglb_api.php/v1.vod"},
    {
      "key": "天堂资源",
      "name": "天堂资源",
      "type": 1,
      "api": "http://vipmv.cc/api.php/provide/vod/",
      "playUrl": "https://yun.ckmov.com/?url=",
      "searchable": 1,
      "quickSearch": 1,
      "categories": [
        "电影",
        "连续剧",
        "综艺",
        "动漫",
        "国产剧",
        "港台剧",
        "日韩剧",
        "欧美剧",
        "动作片",
        "喜剧片",
        "爱情片",
        "科幻片",
        "恐怖片",
        "剧情片",
        "战争片",
        "哔哩哔哩"
      ]
    },
    {
      "key": "秒看",
      "name": "秒看资源",
      "type": 1,
      "api": "https://mkzy.vip/api.php/provide/vod",
      "playUrl": "https://player.3412.net.cn/?url=",
      "searchable": 1,
      "changeable": 1,
      "categories": [
        "电影",
        "电视剧",
        "综艺",
        "动漫"
      ]
    },
    {
      "key": "闪电资源",
      "name": "闪电资源",
      "type": 1,
      "api": "https://sdzyapi.com/api.php/provide/vod/?ac=list"},
    {
      "key": "csp_xml_享看",
      "name": "享看资源",
      "type": 1,
      "searchable": 1,
      "quickSearch": 1,
      "filterable": 1,
      "api": "https://xkanzy10.com/api.php/provide/vod"
    },    
    {
      "key": "快车资源",
      "name": "快车资源",
      "type": 1,
      "api": "https://caiji.kczyapi.com/api.php/provide/vod/",
      "searchable": 1,
      "quickSearch": 1,
      "categories": [
        "国产剧",
        "战争片",
        "动作片",
        "香港剧"
      ]
    },
    {
      "key": "高清资源网",
      "name": "️1080资源",
      "type": 1,
      "api": "https://api.1080zyku.com/inc/apijson.php",
      "playUrl": "https://vip.zykbf.com/?url=",
      "searchable": 1,
      "quickSearch": 1,
      "filterable": 1,
      "categories": [
        "动作片",
        "喜剧片",
        "爱情片",
        "科幻片",
        "恐怖片",
        "剧情片",
        "战争片",
        "记录片",
        "国产剧",
        "欧美剧",
        "日本剧",
        "泰国剧",
        "韩国剧",
        "台湾剧",
        "香港剧",
        "大陆综艺",
        "港台综艺",
        "日韩综艺",
        "欧美综艺",
        "国产动漫",
        "日韩动漫",
        "欧美动漫",
        "倫理片",
        "福利"
      ]
    },
    {
      "key": "飞速",
      "name": "️飞速资源",
      "type": 1,
      "api": "https://www.feisuzyapi.com/api.php/provide/vod/",
      "playUrl": "https://yun.ckmov.com/?url=",
      "playUrl": "",
      "searchable": 1,
      "quickSearch": 1,
      "filterable": 1,
      "categories": [
        "动作片",
        "喜剧片",
        "爱情片",
        "科幻片",
        "恐怖片",
        "剧情片",
        "战争片",
        "记录片",
        "国产剧",
        "综艺"
      ]
    },
    {
      "key": "天空",
      "name": "️天空资源",
      "type": 1,
      "api": "https://api.tiankongapi.com/api.php/provide/vod/",
      "playUrl": "https://yun.ckmov.com/?url=",
      "playUrl": "",
      "searchable": 1,
      "quickSearch": 1,
      "filterable": 1,
      "categories": [
        "动作片",
        "喜剧片",
        "爱情片",
        "科幻片",
        "恐怖片",
        "剧情片",
        "战争片",
        "记录片",
        "直播",
        "短片",
        "国产剧",
        "综艺",
        "影片库",
        "动漫"
      ]
    },
    {
      "key": "干饭",
      "name": "️干饭资源",
      "type": 1,
      "api": "http://124.220.183.81:83/api.php/provide/vod/",
      "playUrl": "https://jx.bozrc.com:4433/player/?url=",
      "searchable": 1,
      "quickSearch": 1,
      "filterable": 1,
      "categories": [
        "电影",
        "剧集",
        "综艺",
        "动漫"
      ]
    },
    {
      "key": "FF9资源",
      "name": "FF9资源",
      "type": 1,
      "api": "https://www.ff9.top/api.php/provide/vod/",
      "searchable": 1,
      "quickSearch": 1,
      "categories": [
        "国产剧",
        "战争片",
        "综艺",
        "动漫"
      ]
    },
    {
      "key": "新浪资源",
      "name": "新浪资源",
      "type": 1,
      "api": "http://api.xinlangapi.com/xinlangapi.php/provide/vod/",
      "searchable": 1,
      "quickSearch": 1,
      "playUrl": "",
      "categories": [
        "大陆剧",
        "动作片",
        "动漫",
        "综艺"
      ]
    },
    {
      "key": "百度资源",
      "name": "百度资源",
      "type": 1,
      "api": "https://api.apibdzy.com/api.php/provide/vod/",
      "searchable": 1,
      "quickSearch": 1,
      "categories": [
        "大陆剧",
        "战争片",
        "动作片",
        "喜剧片"
      ]
    },    
    {
      "key": "卧龙",
      "name": "️卧龙资源",
      "type": 1,
      "api": "https://collect.wolongzyw.com/api.php/provide/vod/",
      "playUrl": "https://yun.ckmov.com/?url=",
      "searchable": 1,
      "quickSearch": 1,
      "filterable": 1,
      "categories": [
        "动作片",
        "喜剧片",
        "爱情片",
        "科幻片",
        "恐怖片",
        "剧情片",
        "战争片",
        "记录片",
        "电影解说",
        "足球",
        "篮球",
        "国产剧",
        "综艺",
        "影片库",
        "动漫"
      ]
    },
    {
	    "key": "csp_xml_暴风",
		"name": "暴风资源",
		"type": 1,
		"api": "https://bfzyapi.com/api.php/provide/vod/?ac=list",
		"searchable": 1,
		"quickSearch": 1,
		"filterable": 1,
		"playerType": 2,
		"categories": [
		  "动作片",
		  "喜剧片",
		  "科幻片",
		  "恐怖片",
		  "爱情片",
		  "剧情片",
		  "战争片",
		  "纪录片",
		  "国产剧",
		  "欧美剧",
		  "犯罪片",
		  "香港剧",
		  "韩国剧",
		  "台湾剧",
		  "日本剧",
		  "海外剧",
		  "其他片",
		  "悬疑片",
		  "奇幻片",
		  "动画片",
		  "国产动漫",
		  "日韩动漫",
		  "欧美动漫",
		  "港台动漫",
		  "海外动漫",
		  "大陆综艺",
		  "港台综艺",
		  "日韩综艺",
		  "欧美综艺"
	  ]
    },
    {
		"key": "csp_xml_红牛",
		"name": "红牛资源",
		"type": 1,
		"api": "https://www.hongniuzy2.com/api.php/provide/vod/",
		"searchable": 1,
		"quickSearch": 1,
		"filterable": 1,
		"playerType": 2,
		"categories": [
		  "动作片",
		  "喜剧片",
		  "科幻片",
		  "恐怖片",
		  "爱情片",
		  "剧情片",
		  "战争片",
		  "纪录片",
	      "动漫电影",
		  "国产剧",
		  "欧美剧",
		  "犯罪片",
		  "港澳剧",
		  "韩剧",
		  "泰剧",
		  "台湾剧",
		  "日剧",
		  "海外剧",
		  "其他片",
		  "悬疑片",
		  "奇幻片",
		  "动画片",
		  "体育赛事",
		  "国产动漫",
		  "日本动漫",
		  "欧美动漫",
		  "港台动漫",
		  "海外动漫",
		  "大陆综艺",
		  "港台综艺",
		  "日韩综艺",
		  "欧美综艺"
	  ]
	},
	{
	    "key": "csp_xml_无尽",
		"name": "无尽资源",
		"type": 1,
		"api": "https://api.wujinapi.me/api.php/provide/vod/?ac=list",
		"searchable": 1,
		"quickSearch": 1,
		"filterable": 1,
		"playerType": 2,
		"categories": [
		  "动作片",
		  "喜剧片",
		  "科幻片",
		  "恐怖片",
		  "爱情片",
		  "剧情片",
		  "战争片",
		  "纪录片",
		  "邵氏电影",
		  "国产剧",
		  "欧美剧",
		  "犯罪片",
		  "香港剧",
		  "韩国剧",
		  "台湾剧",
		  "日本剧",
		  "海外剧",
		  "其他片",
		  "悬疑片",
		  "奇幻片",
		  "动画片",
		  "国产动漫",
		  "日本动漫",
		  "欧美动漫",
		  "港台动漫",
		  "海外动漫",
		  "大陆综艺",
		  "港台综艺",
		  "日韩综艺",
		  "欧美综艺"
	   ]
	},
    {
        "key": "搜狐资源",
        "name":  "搜狐资源",
        "type": 1,
        "api": "http://playersll.gaoxin155.com.cn/api.php/provide/vod/from/sohu/?at/xml/",
        "playUrl":"https://jx.xmflv.com/?url=",
        "searchable": 1,
        "quickSearch": 1,
        "filterable": 1,
        "categories":["国产剧","韩国剧","香港剧","台湾剧","欧美剧","动作片","科幻片","战争片","奇幻片","喜剧片","爱情片","恐怖片","犯罪片","悬疑片","惊悚片","剧情片","冒险片","记录片","综艺","动漫"]
    },
    {
		"key": "csp_xml_优质",
		"name": "优质资源",
		"type": 1,
		"api": "https://api.1080zyku.com/inc/api_mac10.php?ac=list",
		"searchable": 1,
		"quickSearch": 1,
		"filterable": 1,
		"playerType": 2,
		"categories": [
		  "动作片",
		  "喜剧片",
		  "科幻片",
		  "恐怖片",
		  "爱情片",
		  "剧情片",
		  "战争片",
		  "记录片",
		  "动画片",
		  "国产剧",
		  "欧美剧",
		  "香港剧",
		  "韩国剧",
		  "台湾剧",
		  "日本剧",
		  "海外剧",
		  "泰国剧",
		  "国产动漫",
		  "日韩动漫",
		  "欧美动漫",
		  "港台动漫",
		  "海外动漫",
		  "大陆综艺",
		  "港台综艺",
		  "日韩综艺",
		  "欧美综艺"
	  ]
	},
	{
      "key": "豌豆资源",
      "name": "豌豆资源",
      "type": 1,
      "api": "https://ks.wandouzy.cc/api.php/provide/vod/",
      "searchable": 1,
      "quickSearch": 1
    },
	{
			"key": "淘片资源",
			"name": "淘片资源",
			"type": 1,
			"api": "https://taopianapi.com/cjapi/mc/vod/json.html",
			"searchable": 1,
			"quickSearch": 1
	},
	{
			"key": "csp_xml_ikun",
			"name": "爱坤资源",
			"type": 1,
			"api": "https://ikunzyapi.com/api.php/provide/vod/from/ikm3u8/at/json",
			"searchable": 1,
			"playUrl": "https://www.ikdmjx.com/?url=",
			"quickSearch": 1,
			"filterable": 1,
			"playerType": 2,
			"categories": [
				"动作片",
				"喜剧片",
				"科幻片",
				"恐怖片",
				"爱情片",
				"剧情片",
				"战争片",
				"记录片",
				"国产剧",
				"欧美剧",
				"犯罪片",
				"惊悚片",
				"古装片",
				"灾难片",
				"历史片",
				"香港剧",
				"韩国剧",
				"台湾剧",
				"日本剧",
				"海外剧",
				"泰国剧",
				"其他片",
				"悬疑片",
				"奇幻片",
				"动画片",
				"国产动漫",
				"日韩动漫",
				"欧美动漫",
				"大陆综艺",
				"港台综艺",
				"日韩综艺",
				"欧美综艺"
			]
		},
	{
            "key": "索尼",
            "name": "索尼资源",
            "type": 1,
            "api": "https://suoniapi.com/api.php/provide/vod/?ac=list",
            "playUrl": "",
            "searchable": 1,
            "quickSearch": 1,
            "filterable": 1,
            "categories": ["动作片",
            "喜剧片",
            "爱情片",
            "科幻片",
            "恐怖片",
            "剧情片",
            "战争片",
            "国产剧",
            "欧美剧",
            "韩剧",
            "日剧",
            "港剧",
            "台剧",
	     "泰剧",
	     "记录片",
            "海外剧",
            "大陆综艺",
	    "日韩综艺",
	    "港台综艺",
	    "欧美综艺",
	     "足球",
	    "影视解说",
            "国产动漫"
          ]
        },
    {
      "key": "49zy",
      "name": "49资源",
      "type": 1,
      "api": "https://49zyw.com/api.php/provide/vod/?ac=list",
      "searchable": 1,
      "quickSearch": 1,
      "filterable": 1,
      "changeable": 1,
      "categories": [
        "国产剧",
        "纪录片",
        "欧美剧",
        "香港剧",
        "动作片",
        "爱情片",
        "科幻片",
        "恐怖片",
        "剧情片",
        "战争片",
        "喜剧片",
        "动画片",
        "犯罪片",
        "韩国剧",
        "动漫",
        "电影",
        "大陆综艺",
        "港台综艺",
        "日韩综艺",
        "欧美综艺",
        "台湾剧",
        "国产动漫",
        "日本动漫",
        "欧美动漫",
        "泰国剧",
        "日剧",
        "电影解说",
        "奇幻片",
        "灾难片",
        "悬疑片",
        "其他片",
        "体育赛事",
        "海外剧"
      ]
    },
    {
      "key": "明帝官采",
      "name": "明帝资源(官）",
      "type": 1,
      "api": "https://ys.md214.cn/api.php/provide/vod/",
      "searchable": 1,
      "quickSearch": 1,
      "filterable": 1,
      "categories": [
        "电影",
        "连续剧",
        "综艺",
        "动漫",
        "直播"
      ]
    },
    {
      "key": "虎牙",
      "name": "虎牙资源",
      "type": 1,
      "api": "https://www.huyaapi.com/api.php/provide/vod/from/hym3u8",
      "searchable": 1,
      "quickSearch": 1,
      "categories": [
        "内地剧",
        "动作片",
        "科幻片",
        "战争片",
        "喜剧片",
        "爱情片",
        "恐怖片",
        "犯罪片",
        "剧情片",
        "冒险片",
        "记录片",
        "伦理片",
        "韩剧",
        "香港剧",
        "台湾剧",
        "欧美剧",
        "日剧",
        "马泰剧",
        "体育赛事",
        "综艺",
        "动画片",
        "中国动漫",
        "日本动漫",
        "欧美动漫"
      ]
    },
    {
      "key": "极光",
      "name": "极光资源",
      "type": 1,
      "api": "https://www.jiguang008.com/api.php/provide/vod/",
      "searchable": 1,
      "quickSearch": 1,
      "filterable": 1,
      "categories": [
        "国产剧",
        "电影片",
        "动作片",
        "喜剧片",
        "爱情片",
        "科幻片",
        "恐怖片",
        "剧情片",
        "战争片",
        "悬疑片",
        "犯罪篇",
        "奇幻片",
        "冒险片",
        "纪录片",
        "香港剧",
        "台湾剧",
        "韩国剧",
        "日本剧",
        "美国剧",
        "泰剧",
        "动画片",
        "国产动漫",
        "日韩动漫",
        "欧美动漫",
        "大陆综艺",
        "港台综艺",
        "日韩综艺",
        "欧美综艺"
      ]
    },
    {
      "key": "xml_大漠",
      "name": "大漠资源",
      "type": 1,
      "api": "https://damozy.com/api.php/provide/vod/?ac=list",
      "searchable": 1,
      "quickSearch": 1,
      "filterable": 1,
      "categories": [
        "热门短剧",
        "动作片",
        "喜剧片",
        "爱情片",
        "科幻片",
        "恐怖片",
        "剧情片",
        "战争片",
        "悬疑片",
        "犯罪篇",
        "奇幻片",
        "冒险片",
        "纪录片",
        "伦理片",
        "国产剧",
        "香港剧",
        "台湾剧",
        "韩国剧",
        "日本剧",
        "美国剧",
        "泰剧",
        "动画片",
        "国产动漫",
        "日韩动漫",
        "欧美动漫",
        "大陆综艺",
        "港台综艺",
        "日韩综艺",
        "欧美综艺"
      ]
    },
    {
      "key": "xml_快看",
      "name": "️快看资源",
      "type": 1,
      "api": "https://kuaikan-api.com/api.php/provide/vod/at/json",
      "searchable": 1,
      "quickSearch": 1,
      "filterable": 1,
      "categories": [
        "网络电影",
        "动画电影",
        "动作片",
        "冒险片",
        "剧情片",
        "纪录片",
        "喜剧片",
        "奇幻片",
        "恐怖片",
        "悬疑片",
        "惊悚片",
        "战争片",
        "灾难片",
        "爱情片",
        "科幻片",
        "犯罪片",
        "伦理片",
        "国产剧",
        "港台剧",
        "日本剧",
        "韩国剧",
        "欧美剧",
        "新马剧",
        "泰剧",
        "其他剧",
        "国产综艺",
        "港台综艺",
        "日本综艺",
        "韩国综艺",
        "欧美综艺",
        "国产动漫",
        "港台动漫",
        "日本动漫",
        "欧美动漫"
      ]
    },
    {
      "key": "xml_轻简",
      "name": "轻简资源",
      "type": 1,
      "api": "http://1.ahailove.cn:23456/cj/api.php/provide/vod/",
      "searchable": 1,
      "quickSearch": 1,
      "filterable": 1,
      "categories": [
        "电影",
        "电视剧",
        "综艺",
        "动漫"
      ]
    },
    {
      "key": "xml_猫放",
      "name": "猫放资源",
      "type": 1,
      "api": "https://www.mervod.com/api.php/provide/vod/",
      "searchable": 1,
      "quickSearch": 1,
      "filterable": 1,
      "categories": [
        "电影",
        "连续剧",
        "综艺",
        "动漫",
        "少儿"
      ]
    },
    {
      "key": "龙腾资源",
      "name": "龙腾资源",
      "type": 1,
      "api": "http://175.178.7.35:2020/api.php/provide/vod/",
      "searchable": 1,
      "quickSearch": 1
    },
    {
      "key": "U酷资源",
      "name": "U酷资源",
      "type": 1,
      "api": "https://api.ukuapi.com/api.php/provide/vod/",
      "searchable": 1,
      "quickSearch": 1
    },
    {
      "key": "77韩剧",
      "name": "77韩剧资源",
      "type": 1,
      "api": "https://www.77hanju.com/api.php/provide/vod/",
      "searchable": 1,
      "quickSearch": 1
    },
    {
      "key": "csp_appysv2_天天视频",
      "name": "天天资源",
      "type": 3,
      "api": "csp_AppYsV2",
      "searchable": 1,
      "quickSearch": 1,
      "filterable": 1,
      "ext": "http://app.qianju.cc/api.php/v1.vod"
    },
    {
      "key": "金鹰资源",
      "name": "金鹰资源",
      "type": 1,
      "api": "https://jyzyapi.com/provide/vod/",
      "playUrl": "",
      "searchable": 1,
      "quickSearch": 1
    },
    {
      "key": "最大资源",
      "name": "最大资源",
      "type": 1,
      "api": "http://zuidazy.me/api.php/provide/vod/",
      "playUrl": "",
      "searchable": 1,
      "quickSearch": 1
    },
    {
      "key": "八戒资源",
      "name": "八戒资源",
      "type": 1,
      "api": "http://cj.bajiecaiji.com/inc/apijson_vod.php",
      "playUrl": "",
      "searchable": 1,
      "quickSearch": 1
    },
    {
      "key": "速博资源",
      "name": "速播资源",
      "type": 1,
      "api": "https://subocaiji.com/api.php/provide/vod/",
      "playUrl": "",
      "searchable": 1,
      "quickSearch": 1
    },
    {
      "key": "映迷",
      "name": "映迷资源",
      "type": 1,
      "api": "https://www.inmi.app/api.php/provide/vod/",
      "playUrl": "",
      "searchable": 1,
      "quickSearch": 1
    },
    {
      "key": "奇虎资源",
      "name": "奇虎资源",
      "type": 1,
      "api": "https://caiji.qhzyapi.com/api.php/provide/vod/",
      "playUrl": "",
      "searchable": 1,
      "quickSearch": 1
    },
    {
      "key": "可可资源",
      "name": "可可资源",
      "type": 1,
      "api": "https://caiji.kekezyapi.com/api.php/provide/vod/",
      "playUrl": "",
      "searchable": 1,
      "quickSearch": 1
    },
    {
      "key": "girigiri爱动漫",
      "name": "giri动漫资源",
      "type": 1,
      "api": "https://anime.girigirilove.com/api.php/provide/vod/?ac=list",
      "searchable": 1,
      "filterable": 0
    },
    {
      "key": "星影1080cms",
      "name": "星影资源",
      "type": 1,
      "api": "https://www.xy1080.net/api.php/provide/vod",
      "searchable": 1,
      "quickSearch": 1
    },
    {
      "key": "魔都资源",
      "name": "魔都资源",
      "type": 1,
      "api": "https://www.moduzy.com/api.php/provide/vod/?ac=list",
      "playUrl": "https://www.moduzy.com/jiexi/?url=",
      "searchable": 1,
      "quickSearch": 1,
      "filterable": 1
    },
    {
      "key": "xgapp",
      "name": "西瓜资源",
      "type": 3,
      "playerType": 2,
      "api": "csp_AppYsV2",
      "searchable": 1,
      "quickSearch": 1,
      "filterable": 1,
      "ext": "https://www.gsjtlxy.top/xgapp.php/v3/"
    },
    {
      "key": "韩剧资源",
      "name": "韩剧资源",
      "type": 1,
      "api": "http://www.hanjuzy.com/inc/apijson_vod.php",
      "searchable": 1,
      "quickSearch": 0
    },
    {
            "key": "腾讯资源",
            "name": "️腾讯资源(官）",
            "type": 1,
            "api": "http://playersll.gaoxin155.com.cn/api.php/provide/vod/from/qq/?at/xml/",
            "searchable": 1,
            "quickSearch": 1,
            "filterable": 1,
        "categories":["电影","国产剧","战争片","记录片","动漫"]
        },
    {
      "key": "优酷资源",
      "name": "优酷资源(官）",
      "type": 1,
      "api": "http://playersll.gaoxin155.com.cn/api.php/provide/vod/from/youku/?at/xml/",
      "playUrl": "",
      "searchable": 1,
      "quickSearch": 1,
      "filterable": 1,
      "categories": [
        "国产剧",
        "动作片",
        "喜剧片"
      ]
    },
    {
      "key": "奇异资源",
      "name": "奇异资源(官）",
      "type": 1,
      "api": "http://playersll.gaoxin155.com.cn/api.php/provide/vod/from/qiyi/?at/xml/"},
    {
      "key": "非凡",
      "name": "️非凡资源",
      "type": 1,
      "api": "http://cj.ffzyapi.com/api.php/provide/vod/",
      "playUrl": "https://yun.ckmov.com/?url=",
      "searchable": 1,
      "quickSearch": 1,
      "filterable": 1,
      "categories": [
        "动作片",
        "喜剧片",
        "爱情片",
        "科幻片",
        "恐怖片",
        "剧情片",
        "战争片",
        "记录片",
        "直播",
        "短片",
        "国产剧",
        "综艺",
        "影片库",
        "动漫"
      ]
    },
    {
      "key": "量子",
      "name": "️量子资源",
      "type": 1,
      "api": "https://cj.lziapi.com/api.php/provide/vod/",
      "playUrl": "https://yun.ckmov.com/?url=",
      "searchable": 1,
      "quickSearch": 1,
      "filterable": 1,
      "categories": [
        "动作片",
        "喜剧片",
        "爱情片",
        "科幻片",
        "恐怖片",
        "剧情片",
        "战争片",
        "记录片",
        "直播",
        "短片",
        "国产剧",
        "综艺",
        "影片库",
        "动漫"
      ]
    }
  ],

  "parses":[
{"name":"聚合","type":3,"url":"Demo"},
{"name": "观音嗅探","type": 0,"url": "https://jx.777jiexi.com/player/?url="},
{"name": "红袍嗅探","type": 0,"url": "https://jx.jsonplayer.com/player/?url="},
{"name": "燃茶嗅探","type": 1,"url": "https://yinshi.eatuo.com/index.php/mvod/jx2?url="}],

  "flags":["youku","qq","QQ","iqiyi","qiyi","letv","sohu","tudou","pptv","PPTV","mgtv","ltnb","rx","CL4K","xfyun","wuduzy","wasu","bilibili","renrenmi","xmm","xigua","m1905 ","funshion ","duoduozy","xinluan","ddzy","tgqp","tkqp","XRJX","优酷","芒果","腾讯","爱奇艺","奇艺","哔哩哔哩","哔哩"],
  "ijk":[{"group":"软解码","options":[{"category":4,"name":"opensles","value":"0"},{"category":1,"name":"fflags","value":"fastseek"},{"category":4,"name":"framedrop","value":"1"},{"category":4,"name":"enable-accurate-seek","value":"0"},{"category":4,"name":"start-on-prepared","value":"1"},{"category":1,"name":"http-detect-range-support","value":"0"},{"category":4,"name":"mediacodec-handle-resolution-change","value":"0"},{"category":2,"name":"skip_loop_filter","value":"48"},{"category":4,"name":"reconnect","value":"1"},{"category":4,"name":"overlay-format","value":"842225234"},{"category":4,"name":"mediacodec","value":"0"},{"category":4,"name":"mediacodec-auto-rotate","value":"0"},{"category":4,"name":"soundtouch","value":"1"},{"category":4,"name":"mediacodec-hevc","value":"0"},{"category":1,"name":"dns_cache_timeout","value":"600000000"}]},{"group":"硬解码","options":[{"category":4,"name":"opensles","value":"0"},{"category":1,"name":"fflags","value":"fastseek"},{"category":4,"name":"framedrop","value":"1"},{"category":4,"name":"enable-accurate-seek","value":"0"},{"category":4,"name":"start-on-prepared","value":"1"},{"category":1,"name":"http-detect-range-support","value":"0"},{"category":4,"name":"mediacodec-handle-resolution-change","value":"1"},{"category":2,"name":"skip_loop_filter","value":"48"},{"category":4,"name":"reconnect","value":"1"},{"category":4,"name":"overlay-format","value":"842225234"},{"category":4,"name":"mediacodec","value":"1"},{"category":4,"name":"mediacodec-auto-rotate","value":"1"},{"category":4,"name":"soundtouch","value":"1"},{"category":4,"name":"mediacodec-hevc","value":"1"},{"category":1,"name":"dns_cache_timeout","value":"600000000"}]}],
  "ads":["mimg.0c1q0l.cn","www.googletagmanager.com","www.google-analytics.com","mc.usihnbcq.cn","mg.g1mm3d.cn","mscs.svaeuzh.cn","cnzz.hhttm.top","tp.vinuxhome.com","cnzz.mmstat.com","www.baihuillq.com","s23.cnzz.com","z3.cnzz.com","c.cnzz.com","stj.v1vo.top","z12.cnzz.com","img.mosflower.cn","tips.gamevvip.com","ehwe.yhdtns.com","xdn.cqqc3.com","www.jixunkyy.cn","sp.chemacid.cn","hm.baidu.com","s9.cnzz.com","z6.cnzz.com","um.cavuc.com","mav.mavuz.com","wofwk.aoidf3.com","z5.cnzz.com","xc.hubeijieshikj.cn","tj.tianwenhu.com","xg.gars57.cn","k.jinxiuzhilv.com","cdn.bootcss.com","ppl.xunzhuo123.com","xomk.jiangjunmh.top","img.xunzhuo123.com","z1.cnzz.com","s13.cnzz.com","xg.huataisangao.cn","z7.cnzz.com","xg.huataisangao.cn","z2.cnzz.com","s96.cnzz.com","q11.cnzz.com","thy.dacedsfa.cn","xg.whsbpw.cn","s19.cnzz.com","z8.cnzz.com","s4.cnzz.com","f5w.as12df.top","ae01.alicdn.com","www.92424.cn","k.wudejia.com","vivovip.mmszxc.top","qiu.xixiqiu.com","cdnjs.hnfenxun.com","cms.qdwght.com"]}