{  "storeHouse": [
        {
            "sourceName": "☢️ F.｜影视仓库",
            "sourceUrl": "https://d.kstore.space/download/5287/bfln.json"
        },
        {
            "sourceName": "☢️ F.｜影视仓库(应急）",
            "sourceUrl": "https://mirror.ghproxy.com/raw.githubusercontent.com/beifeng653/fbf/main/bfln.json"
        },
        {
            "sourceName": "☢️ F.｜影视仓库(备选）",
            "sourceUrl": "https://jihulab.com/beifeng653/fbf/-/raw/main/bfln.json"
        }
    ]
}
