{"warningText": "Beifeng专属影视仓库。","warningText": "关注公众号:beifeng653，随时更新。",
"urls":[  
{"name":"💫 F.｜菜鸡在线",
 "url":"https://mirror.ghproxy.com/raw.githubusercontent.com/beifeng653/fbf/main/bfcj.json"  
},
{"name":"💫 F.｜硬饭在线",
 "url":"http://饭太硬.top/tv"  
},
{"name":"💫 F.｜肥猫在线",
 "url":"http://肥猫.live"  
},
{"name":"💫 F.｜荷城在线",
 "url":"http://rihou.vip:88/荷城茶秀"  
}, 
{"name":"💫 F.｜运输在线",
 "url":"http://vip.weixine.link:88/svip.json"  
},
{"name":"💫 F.｜作废线路",
 "url":"https://mirror.ghproxy.com/raw.githubusercontent.com/beifeng653/fbf/main/bfpg.json"  
},
{"name":"💫 F.｜测试专线",
 "url":"https://mirror.ghproxy.com/raw.githubusercontent.com/beifeng653/fbf/main/bfwp.json"  
},
{"name":"💫 F.｜测试本地",
 "url":"clan://localhost/download/fbf/bfwp.json"  
}
]
}
