{
  "spider": "./lib/pg.jar",
  "sites": [
    {
      "key": "豆瓣",
      "name": "⭐️F.｜豆瓣排行",
      "type": 3,
      "api": "csp_Douban",
      "searchable": 0,
      "changeable": 1,
      "ext": "./lib/douban.json"
    },
    {
      "key": "网盘配置",
      "name": "⭐️F.｜网盘配置",
      "type": 3,
      "api": "csp_Config",
      "searchable": 0,
      "changeable": 0,
      "style": {
        "type": "rect",
        "ratio": 1
      },
      "ext": "./lib/tokenm.json"
    },
    {
      "key": "玩偶哥哥",
      "name": "💯F.｜玩偶哥哥",
      "type": 3,
      "api": "csp_WoGG",
      "searchable": 1,
      "quickSearch": 1,
      "changeable": 0,
      "ext": "http://127.0.0.1:9978/file/tvbox/tok.txt+4k|auto|fhd$$$https://api.wogg.xyz/$$$弹",
      "jar": "./lib/fty.jar"
    },
    {
      "key": "Wogg",
      "name": "⭐️F.｜玩偶弟弟",
      "type": 3,
      "api": "csp_Wogg",
      "quickSearch": 1,
      "changeable": 1,
      "filterable": 1,
      "timeout": 30,
      "ext": "./lib/tokenm.json$$$https://api.wogg.xyz/$$$null$$$1$$$./lib/wogg.json"
    },
    {
      "key": "影视车",
      "name": "⭐️F.｜影视车盘",
      "type": 3,
      "api": "csp_Wogg",
      "quickSearch": 1,
      "changeable": 1,
      "filterable": 1,
      "timeout": 30,
      "ext": "./lib/tokenm.json$$$https://www.weixine.net/$$$null$$$1$$$./lib/wogg.json"
    },
    {
      "key": "Wobg",
      "name": "⭐️F.｜玩偶表哥",
      "type": 3,
      "api": "csp_Wobg",
      "quickSearch": 1,
      "changeable": 1,
      "filterable": 1,
      "timeout": 30,
      "ext": "./lib/tokenm.json$$$https://wobge.run.goorm.io$$$null$$$1$$$./lib/wogg.json"
    },
    {
      "key": "Pan99",
      "name": "⭐️F.｜盘玖网盘",
      "type": 3,
      "api": "csp_Pan99",
      "quickSearch": 1,
      "changeable": 1,
      "filterable": 1,
      "timeout": 30,
      "ext": "./lib/tokenm.json$$$https://pan99.xyz$$$null$$$1"
    },
    {
      "key": "Hdhive",
      "name": "⭐️F.｜影巢网盘",
      "type": 3,
      "api": "csp_Hdhive",
      "quickSearch": 1,
      "changeable": 1,
      "filterable": 1,
      "timeout": 30,
      "ext": "./lib/tokenm.json$$$null$$$1"
    },
    {
      "key": "校长影视",
      "name": "⭐️F.｜校长网盘",
      "type": 3,
      "api": "csp_XiaoZhang",
      "quickSearch": 1,
      "changeable": 1,
      "filterable": 1,
      "timeout": 30,
      "ext": "./lib/tokenm.json$$$null$$$1"
    },
    {
      "key": "PanSearch",
      "name": "⭐️F.｜盘搜索盘",
      "type": 3,
      "api": "csp_PanSearch",
      "quickSearch": 1,
      "changeable": 1,
      "filterable": 1,
      "timeout": 30,
      "ext": "./lib/tokenm.json"
    },
    {
      "key": "易搜",
      "name": "⭐️F.｜易搜网盘",
      "type": 3,
      "api": "csp_YiSo",
      "timeout": 30,
      "ext": "./lib/tokenm.json$$$satoken=1aee2366-2ff4-4436-b321-a14db23e8294"
    },
    {
      "key": "盘搜",
      "name": "⭐️F.｜盘搜网盘",
      "type": 3,
      "api": "csp_PanSou",
      "timeout": 30,
      "ext": "./lib/tokenm.json"
    },
    {
      "key": "Qianfan",
      "name": "⭐️F.｜千帆网盘",
      "type": 3,
      "api": "csp_Qianfan",
      "quickSearch": 1,
      "changeable": 1,
      "filterable": 1,
      "timeout": 30,
      "ext": "./lib/tokenm.json$$$https://pan.qianfan.app$$$null$$$QianFanID="
    },
    {
      "key": "YunPanOne",
      "name": "⭐️F.｜云盘网盘",
      "type": 3,
      "api": "csp_YunPanOne",
      "quickSearch": 1,
      "changeable": 1,
      "filterable": 1,
      "timeout": 30,
      "ext": "./lib/tokenm.json"
    },
    {
      "key": "Dovx",
      "name": "⭐️F.｜帝欧网盘",
      "type": 3,
      "api": "csp_Dovx",
      "searchable": 1,
      "quickSearch": 1,
      "filterable": 0,
      "timeout": 30,
      "ext": "./lib/tokenm.json"
    },
    {
      "key": "Gitcafe",
      "name": "⭐️F.｜纸条网盘",
      "type": 3,
      "api": "csp_Gitcafe",
      "searchable": 1,
      "quickSearch": 1,
      "filterable": 0,
      "timeout": 30,
      "ext": "./lib/tokenm.json"
    },
    {
      "key": "找資源",
      "name": "⭐️F.｜找資源盘",
      "type": 3,
      "api": "csp_Zhaozy",
      "searchable": 1,
      "quickSearch": 1,
      "filterable": 0,
      "timeout": 30,
      "ext": "./lib/tokenm.json$$$user$$$pass"
    },
    {
      "key": "4KHDR",
      "name": "⭐️F.｜肆尅网盘",
      "type": 3,
      "api": "csp_FourKHDR",
      "quickSearch": 1,
      "changeable": 1,
      "filterable": 1,
      "timeout": 60,
      "ext": "./lib/tokenm.json$$$./lib/4khdr.txt$$$1"
    },
    {
      "key": "UP云搜",
      "name": "⭐️F.｜阿噗云搜",
      "type": 3,
      "api": "csp_UpYun",
      "timeout": 30,
      "ext": "./lib/tokenm.json"
    },
    {
      "key": "MV_vod",
      "name": "⭐️F.｜电视MTV",
      "type": 1,
      "api": "https://mv.wogg.link/mv/vod",
      "searchable": 1,
      "quickSearch": 0,
      "changeable": 0
    },
    {
      "key": "短剧",
      "name": "⭐️F.｜短剧影视",
      "type": 3,
      "api": "csp_Duanju",
      "searchable": 0,
      "changeable": 1
    },
    {
      "key": "push_agent",
      "name": "⭐️F.｜推送",
      "type": 3,
      "api": "csp_Push",
      "changeable": 0,
      "timeout": 30,
      "ext": "./lib/tokenm.json"
    },
    {
      "key": "應用商店",
      "name": "⭐️F.｜应用商店",
      "type": 3,
      "api": "csp_Market",
      "searchable": 0,
      "changeable": 0,
      "ext": "./lib/market.json"
    },
    {
      "key": "相声小品",
      "name": "⭐️F.｜相声小品",
      "type": 3,
      "api": "csp_Bili",
      "searchable": 0,
      "quickSearch": 1,
      "filterable": 1,
      "ext": "./lib/哔哩相声.json"
    },
    {
      "key": "戏曲杂苑",
      "name": "⭐️F.｜戏曲杂苑",
      "type": 3,
      "api": "csp_Bili",
      "searchable": 0,
      "quickSearch": 1,
      "filterable": 1,
      "ext": "./lib/哔哩戏曲.json"
    }
  ],
  "lives": [
    {
      "name": "live.ipv6",
      "type": 0,
      "url": "https://fanmingming.com/txt?url=https://live.fanmingming.com/tv/m3u/ipv6.m3u",
      "playerType": 1,
      "ua": "okhttp/3.15",
      "epg": "http://epg.112114.xyz/?ch={name}&date={date}",
      "logo": "https://epg.112114.xyz/logo/{name}.png"
    },
    {
      "name": "live.ipv6.m3u",
      "type": 0,
      "url": "https://live.fanmingming.com/tv/m3u/ipv6.m3u",
      "playerType": 1,
      "ua": "okhttp/3.15",
      "epg": "http://epg.112114.xyz/?ch={name}&date={date}",
      "logo": "https://epg.112114.xyz/logo/{name}.png"
    },
    {
      "name": "⭐️F.｜直播",
      "type": 0,
      "url": "./bfzb.txt",
      "playerType": 1,
      "ua": "okhttp/3.15",
      "epg": "http://epg.112114.xyz/?ch={name}&date={date}",
      "logo": "https://epg.112114.xyz/logo/{name}.png"
    },
    {
      "name": "live.fan",
      "type": 0,
      "url": "https://mirror.ghproxy.com/raw.githubusercontent.com/dxawi/0/main/tvlive.txt",
      "playerType": 1,
      "ua": "okhttp/3.15",
      "epg": "http://epg.112114.xyz/?ch={name}&date={date}",
      "logo": "https://epg.112114.xyz/logo/{name}.png"
    },
    {
      "name": "直播",
      "type": 0,
      "playerType": 1,
      "url": "https://agit.ai/Yoursmile7/TVBox/raw/branch/master/live.txt",
      "epg": "https://epg.112114.xyz/?ch={name}&date={date}",
      "logo": "https://epg.112114.xyz/logo/{name}.png"
    },
    {
      "name": "TXT",
      "type": 0,
      "playerType": 1,
      "url": "http://home.jundie.top:81/Cat/tv/live.txt",
      "epg": "http://epg.112114.xyz/?ch={name}&date={date}",
      "logo": "https://epg.112114.xyz/logo/{name}.png",
      "ua": "Mozilla/5.0 (Windows NT 10.0; Win64; x64) AppleWebKit/537.36 (KHTML, like Gecko) Chrome/108.0.0.0 Safari/537.36"
    },
    {
      "name": "Json",
      "type": 1,
      "playerType": 1,
      "url": "https://mirror.ghproxy.com/https://raw.githubusercontent.com/FongMi/CatVodSpider/main/json/live.json",
      "epg": "http://epg.112114.xyz/?ch={name}&date={date}",
      "logo": "https://epg.112114.xyz/logo/{name}.png",
      "ua": "Mozilla/5.0 (Windows NT 10.0; Win64; x64) AppleWebKit/537.36 (KHTML, like Gecko) Chrome/108.0.0.0 Safari/537.36"
    },
    {
      "name": "live.feimao",
      "type": 0,
      "playerType": 1,
      "url": "http://我不是.肥猫.live/TV/tvzb.txt",
      "ua": "okhttp/3.12.13",
      "epg": "http://epg.112114.xyz/?ch={name}&date={date}",
      "logo": "https://epg.112114.xyz/logo/{name}.png"
    }
  ],
  "doh": [
    {
      "name": "Google",
      "url": "https://dns.google/dns-query",
      "ips": [
        "8.8.4.4",
        "8.8.8.8"
      ]
    },
    {
      "name": "Cloudflare",
      "url": "https://cloudflare-dns.com/dns-query",
      "ips": [
        "1.1.1.1",
        "1.0.0.1",
        "2606:4700:4700::1111",
        "2606:4700:4700::1001"
      ]
    },
    {
      "name": "AdGuard",
      "url": "https://dns.adguard.com/dns-query",
      "ips": [
        "94.140.14.140",
        "94.140.14.141"
      ]
    },
    {
      "name": "DNSWatch",
      "url": "https://resolver2.dns.watch/dns-query",
      "ips": [
        "84.200.69.80",
        "84.200.70.40"
      ]
    },
    {
      "name": "Quad9",
      "url": "https://dns.quad9.net/dns-quer",
      "ips": [
        "9.9.9.9",
        "149.112.112.112"
      ]
    }
  ],
  "rules": [
    {
      "name": "proxy",
      "hosts": [
        "raw.githubusercontent.com",
        "googlevideo.com",
        "cdn.v82u1l.com",
        "cdn.iz8qkg.com",
        "cdn.kin6c1.com",
        "c.biggggg.com",
        "c.olddddd.com",
        "haiwaikan.com",
        "www.histar.tv",
        "youtube.com",
        "uhibo.com",
        ".*boku.*",
        ".*nivod.*",
        "*.t4tv.hz.cz",
        ".*ulivetv.*"
      ]
    },
    {
      "name": "海外看",
      "hosts": [
        "haiwaikan"
      ],
      "regex": [
        "8.1748",
        "10.0099",
        "10.3333",
        "16.0599"
      ]
    },
    {
      "name": "暴風",
      "hosts": [
        "bfzy"
      ],
      "regex": [
        "#EXT-X-DISCONTINUITY\\r*\\n*#EXTINF:3,[\\s\\S]*?#EXT-X-DISCONTINUITY"
      ]
    },
    {
      "name": "星星",
      "hosts": [
        "aws.ulivetv.net"
      ],
      "regex": [
        "#EXT-X-DISCONTINUITY\\r*\\n*#EXTINF:8,[\\s\\S]*?#EXT-X-DISCONTINUITY"
      ]
    },
    {
      "name": "量子",
      "hosts": [
        "vip.lz",
        "hd.lz",
        "v.cdnlz"
      ],
      "regex": [
        "18.5333"
      ]
    },
    {
      "name": "非凡",
      "hosts": [
        "vip.ffzy",
        "hd.ffzy"
      ],
      "regex": [
        "25.0666",
        "25.08"
      ]
    },
    {
      "host": "www.djuu.com",
      "rule": [
        "mp4.djuu.com",
        "m4a"
      ]
    },
    {
      "host": "www.sharenice.net",
      "rule": [
        "huoshan.com",
        "/item/video/"
      ],
      "filter": []
    },
    {
      "host": "www.sharenice.net",
      "rule": [
        "sovv.qianpailive.com",
        "vid="
      ],
      "filter": []
    },
    {
      "host": "www.sharenice.net",
      "rule": [
        "douyin.com",
        "/play/"
      ]
    },
    {
      "host": "m.ysxs8.vip",
      "rule": [
        "ysting.ysxs8.vip:81",
        "xmcdn.com"
      ],
      "filter": []
    },
    {
      "host": "hdmoli.com",
      "rule": [
        ".m3u8"
      ]
    },
    {
      "host": "https://api.live.bilibili.com",
      "rule": [
        "bilivideo.com",
        "/index.m3u8"
      ],
      "filter": [
        "data.bilibili.com/log/web",
        "i0.hdslb.com/bfs/live/"
      ]
    },
    {
      "host": "www.agemys.cc",
      "rule": [
        "cdn-tos",
        "obj/tos-cn"
      ]
    },
    {
      "host": "www.fun4k.com",
      "rule": [
        "https://hd.ijycnd.com/play",
        "index.m3u8"
      ]
    },
    {
      "host": "zjmiao.com",
      "rule": [
        "play.videomiao.vip/API.php",
        "time=",
        "key=",
        "path="
      ]
    },
    {
      "name": "火山嗅探",
      "hosts": [
        "huoshan.com"
      ],
      "regex": [
        "item_id="
      ]
    },
    {
      "name": "抖音嗅探",
      "hosts": [
        "douyin.com"
      ],
      "regex": [
        "is_play_url="
      ]
    },
    {
      "name": "農民嗅探",
      "hosts": [
        "toutiaovod.com"
      ],
      "regex": [
        "video/tos/cn"
      ]
    },
    {
      "name": "夜市",
      "hosts": [
        "yeslivetv.com"
      ],
      "script": [
        "document.getElementsByClassName('vjs-big-play-button')[0].click()"
      ]
    },
    {
      "name": "毛驢",
      "hosts": [
        "www.maolvys.com"
      ],
      "script": [
        "document.getElementsByClassName('swal-button swal-button--confirm')[0].click()"
      ]
    },
    {
      "name": "磁力广告",
      "hosts": [
        "magnet"
      ],
      "regex": [
        "更多",
        "社 區",
        "x u u",
        "最 新",
        "直 播",
        "更 新",
        "社 区",
        "有 趣",
        "英皇体育",
        "全中文AV在线",
        "澳门皇冠赌场",
        "哥哥快来",
        "美女荷官",
        "裸聊",
        "新片首发",
        "UUE29"
      ]
    }
  ],
  "parses": [
    {
      "name": "777",
      "type": 0,
      "url": "https://jx.777jiexi.com/player/?url="
    },
    {
      "name": "杰森",
      "type": 0,
      "url": "https://jx.jsonplayer.com/player/?url="
    },
    {
      "name": "战狼",
      "type": 0,
      "url": "https://jx.zhanlangbu.com/?url="
    },
    {
      "name": "ok",
      "type": 0,
      "url": "https://okjx.cc/?url="
    },
    {
      "name": "bozrc",
      "type": 0,
      "url": "https://jx.bozrc.com:4433/player/?url=",
      "ext": {
        "flag": [
          "qq",
          "腾讯",
          "qiyi",
          "爱奇艺",
          "奇艺",
          "youku",
          "优酷",
          "mgtv",
          "芒果",
          "letv",
          "leshi",
          "LS",
          "pptv",
          "PPTV",
          "sohu",
          "bilibili",
          "哔哩哔哩",
          "哔哩"
        ],
        "header": {
          "User-Agent": ""
        }
      }
    },
    {
      "name": "不累",
      "type": 0,
      "url": "https://blbfq.f3322.net/player/analysis.php?v=",
      "ext": {
        "flag": [
          "qiyi",
          "qq",
          "letv",
          "sohu",
          "youku",
          "mgtv",
          "bilibili",
          "wasu",
          "xigua",
          "1905"
        ]
      }
    },
    {
      "name": "cod",
      "type": 0,
      "url": "https://ksksl.codjx.com/?url="
    },
    {
      "name": "byg解析",
      "type": 0,
      "url": "https://byg.ziqj5.shop/?url="
    },
    {
      "name": "xmflv",
      "type": 0,
      "url": "https://jx.xmflv.com/?url="
    },
    {
      "name": "365",
      "type": 0,
      "url": "https://chaxun.truechat365.com/?url=",
      "ext": {
        "flag": [
          "qq",
          "腾讯",
          "qiyi",
          "iqiyi",
          "爱奇艺",
          "奇艺",
          "youku",
          "优酷",
          "mgtv",
          "芒果",
          "letv",
          "乐视",
          "pptv",
          "PPTV",
          "sohu",
          "bilibili",
          "哔哩哔哩",
          "哔哩"
        ]
      }
    },
    {
      "name": "26db",
      "type": 0,
      "url": "http://vip.26db.cn/g/?url="
    },
    {
      "name": "看看",
      "type": 0,
      "url": "https://jx.m3u8.pw/?url="
    },
    {
      "name": "FreeOK",
      "type": 0,
      "url": "https://play.86516.tk/OKPlayer/?url="
    },
    {
      "name": "free",
      "type": 0,
      "url": "https://h5.freejson.xyz/player/?url="
    }
  ],
  "flags": [
    "youku",
    "qq",
    "iqiyi",
    "qiyi",
    "letv",
    "sohu",
    "tudou",
    "pptv",
    "mgtv",
    "wasu"
  ],
  "wallpaper": "http://饭太硬.top/深色壁纸/api.php",
  "disabled_wallpaper": "http://www.kf666888.cn/api/tvbox/img"
}