{
  "wallpaper": "https://picsum.photos/1280/720/?blur=2",
  "spider": "./lib/custom_spider.jar",
  "lives": [
    {
      "name": "live",
      "type": 0,
      "url": "./bfzb.txt",
      "playerType": 1,
      "ua": "okhttp/3.15",
      "epg": "http://epg.112114.xyz/?ch={name}&date={date}",
      "logo": "https://epg.112114.xyz/logo/{name}.png"
    },
    {
      "name": "ipv6",
      "type": 0,
      "url": "https://live.fanmingming.com/tv/m3u/ipv6.m3u",
      "playerType": 1,
      "ua": "okhttp/3.15",
      "epg": "http://epg.112114.xyz/?ch={name}&date={date}",
      "logo": "https://epg.112114.xyz/logo/{name}.png"
    }
  ],
  "sites": [
    {
      "key": "豆豆",
      "name": "️⭐️F.｜4K线路：首选玩偶！请更新最新版本！",
      "type": 3,
      "api": "csp_DouDou",
      "searchable": 0,
      "quickSearch": 0,
      "filterable": 0,
      "jar": "./lib/fty.jar"
    },
    {
      "key": "csp_KungFu404",
      "name": "⭐️F.｜阿里设置",
      "type": 3,
      "api": "csp_KungFu404",
      "searchable": 1,
      "filterable": 0,
      "changeable": 0,
      "jar": "./lib/alibaba.jar"
    },
    {
      "key": "應用商店",
      "name": "⭐️F.｜应用商店",
      "type": 3,
      "api": "csp_Market",
      "searchable": 0,
      "changeable": 0,
      "ext": "./lib/market.json",
      "jar": "./lib/fm商店.jar"
    },
    {
      "key": "网盘配置",
      "name": "网盘及彈幕配置",
      "type": 3,
      "api": "csp_Config",
      "searchable": 0,
      "changeable": 0,
      "style": {
        "type": "rect",
        "ratio": 1
      },
      "ext": "./lib/tokenm.json",
      "jar": "./lib/pg.jar"
    },
    {
      "key": "xml_火狐",
      "name": "✅F.｜火狐资源",
      "type": 1,
      "style": {
        "type": "rect",
        "ratio": 0.8
      },
      "api": "https://hhzyapi.com/api.php/provide/vod/?ac=list",
      "searchable": 1,
      "quickSearch": 0,
      "filterable": 1,
      "categories": [
        "动作片",
        "喜剧片",
        "爱情片",
        "科幻片",
        "恐怖片",
        "剧情片",
        "战争片",
        "悬疑片",
        "犯罪片",
        "奇幻片",
        "记录片",
        "动画片",
        "伦理片",
        "内地剧",
        "香港剧",
        "台湾剧",
        "日剧",
        "韩剧",
        "欧美剧",
        "马泰剧",
        "大陆综艺",
        "港台综艺",
        "日韩综艺",
        "欧美综艺",
        "中国动漫",
        "日本动漫",
        "欧美动漫"
      ]
    },
    {
      "key": "jszy",
      "name": "极速资源",
      "type": 1,
      "api": "https://jszyapi.com/api.php/provide/vod/from/jsm3u8",
      "searchable": 1,
      "changeable": 1,
      "quickSearch": 1,
      "filterable": 1,
      "categories": ["动作片","爱情片","喜剧片","科幻片","恐怖片","剧情片","战争片","记录片","灾难片","悬疑片","犯罪片","奇幻片","动画片","中国动漫","日本动漫","欧美动漫","内地剧","欧美剧","香港剧","台湾剧","韩剧","日剧","马泰剧","伦理片","体育赛事","大陆综艺","港台综艺","日韩综艺","欧美综艺"]
    },
    {
      "key": "玩偶哥哥",
      "name": "✅F.｜玩偶哥哥",
      "type": 3,
      "api": "csp_WoGG",
      "searchable": 1,
      "quickSearch": 1,
      "changeable": 0,
      "ext": "http://127.0.0.1:9978/file/tvbox/tok.txt+4k|auto|fhd$$$https://api.wogg.xyz/$$$弹",
      "jar": "./lib/fty.jar"
    },
    {
      "key": "Wogg",
      "name": "⭐️F.｜玩偶弟弟",
      "type": 3,
      "api": "csp_Wogg",
      "quickSearch": 1,
      "changeable": 1,
      "filterable": 1,
      "timeout": 30,
      "ext": "./lib/tokenm.json$$$https://api.wogg.xyz/$$$null$$$1",
      "jar": "./lib/pg.jar"
    },
    {
      "key": "Hdhive",
      "name": "⭐️F.｜影巢网盘",
      "type": 3,
      "api": "csp_Hdhive",
      "quickSearch": 1,
      "changeable": 1,
      "filterable": 1,
      "timeout": 30,
      "ext": "./lib/tokenm.json$$$null$$$1",
      "jar": "./lib/pg.jar"
    },
    {
      "key": "校长影视",
      "name": "⭐️F.｜校长影视",
      "type": 3,
      "api": "csp_XiaoZhang",
      "quickSearch": 1,
      "changeable": 1,
      "filterable": 1,
      "timeout": 30,
      "ext": "./lib/tokenm.json$$$null$$$1",
      "jar": "./lib/pg.jar"
    },
    {
      "key": "Wobg",
      "name": "⭐️F.｜玩偶表哥",
      "type": 3,
      "api": "csp_Wobg",
      "quickSearch": 1,
      "changeable": 1,
      "filterable": 1,
      "timeout": 30,
      "ext": "./lib/tokenm.json$$$https://wobge.run.goorm.io$$$1",
      "jar": "./lib/pg.jar"
    },
    {
      "key": "ysc",
      "name": "⭐️F.｜影视卡车",
      "type": 3,
      "api": "csp_Wobg",
      "quickSearch": 1,
      "changeable": 1,
      "filterable": 1,
      "timeout": 30,
      "ext": "./lib/tokenm.json$$$https://www.weixine.net$$$1",
      "jar": "./lib/pg.jar"
    },
    {
      "key": "Gitcafe",
      "name": "⭐️F.｜纸条搜索",
      "type": 3,
      "api": "csp_Gitcafe",
      "playerType": 1,
      "searchable": 1,
      "quickSearch": 1,
      "filterable": 1,
      "ext": "http://127.0.0.1:9978/file/tvbox/tok.txt"
    },
    {
      "key": "csp_Zhaozy",
      "name": "⭐️F.｜找资源搜",
      "type": 3,
      "api": "csp_Zhaozy",
      "playerType": 1,
      "searchable": 1,
      "quickSearch": 1,
      "filterable": 0,
      "ext": "http://127.0.0.1:9978/file/tvbox/tok.txt$$$yingshi$$$abcd1234"
    },
    {
      "key": "csp_AliPS",
      "name": "⭐️F.｜喵狸盘搜",
      "type": 3,
      "api": "csp_AliPS",
      "playerType": 1,
      "searchable": 1,
      "quickSearch": 1,
      "filterable": 0,
      "ext": "http://127.0.0.1:9978/file/tvbox/tok.txt"
    },
    {
      "key": "csp_Yisou",
      "name": "⭐️F.｜易搜搜索",
      "type": 3,
      "api": "csp_Yisou",
      "playerType": 1,
      "searchable": 1,
      "quickSearch": 1,
      "filterable": 0,
      "ext": "http://127.0.0.1:9978/file/tvbox/tok.txt"
    },
    {
      "key": "csp_Upyunso",
      "name": "⭐️F.｜阿噗云搜",
      "type": 3,
      "api": "csp_Upyunso",
      "playerType": 1,
      "searchable": 1,
      "quickSearch": 1,
      "filterable": 0,
      "ext": "http://127.0.0.1:9978/file/tvbox/tok.txt"
    },
    {
      "key": "csp_XYQHikerAL_云盘资源",
      "name": "⭐️F.｜云盘资源",
      "type": 3,
      "api": "csp_XYQHikerAL",
      "playerType": 1,
      "searchable": 1,
      "quickSearch": 1,
      "filterable": 1,
      "ext": "./lib/云盘资源.json"
    },
    {
      "key": "csp_XYQHikerAL_云盘资源分享",
      "name": "⭐️F.｜云盘分享",
      "type": 3,
      "api": "csp_XYQHikerAL",
      "playerType": 1,
      "searchable": 1,
      "quickSearch": 1,
      "filterable": 1,
      "ext": "./lib/云盘资源分享.json"
    },
    {
      "key": "csp_XYQHikerAL_我的小站",
      "name": "⭐️F.｜我的小站",
      "type": 3,
      "api": "csp_XYQHikerAL",
      "playerType": 1,
      "searchable": 1,
      "quickSearch": 1,
      "filterable": 1,
      "ext": "./lib/我的小站.json"
    },
    {
      "key": "csp_XYQHikerAL_阿里云盘网",
      "name": "⭐️F.｜阿里云盘",
      "type": 3,
      "api": "csp_XYQHikerAL",
      "playerType": 1,
      "searchable": 1,
      "quickSearch": 1,
      "filterable": 1,
      "ext": "./lib/阿里云盘网.json"
    },
    {
      "key": "csp_XYQHiker_DOVX搜索",
      "name": "⭐️F.｜帝欧搜索",
      "type": 3,
      "api": "csp_XYQHiker",
      "playerType": 1,
      "searchable": 1,
      "quickSearch": 1,
      "filterable": 1,
      "ext": "./lib/DOVX搜索.json"
    },
    {
      "key": "csp_XYQHiker_盘搜索",
      "name": "⭐️F.｜盘搜索搜",
      "type": 3,
      "api": "csp_XYQHiker",
      "playerType": 1,
      "searchable": 1,
      "quickSearch": 1,
      "filterable": 1,
      "ext": "./lib/盘搜索.json"
    },
    {
      "key": "csp_XYQHiker_短剧网",
      "name": "⭐️F.｜短剧网络",
      "type": 3,
      "api": "csp_XYQHiker",
      "searchable": 1,
      "quickSearch": 1,
      "filterable": 1,
      "ext": "./lib/短剧网.json"
    },
    {
      "key": "csp_Bili高中",
      "name": "⭐️F.｜高中课堂",
      "type": 3,
      "api": "csp_Bili",
      "searchable": 0,
      "quickSearch": 0,
      "filterable": 1,
      "ext": "./lib/高中课堂.json"
    },
    {
      "key": "push_agent",
      "name": "⭐️F.｜手机推送",
      "type": 3,
      "api": "csp_PushAgent",
      "playerType": 1,
      "searchable": 1,
      "quickSearch": 1,
      "filterable": 0,
      "ext": "http://127.0.0.1:9978/file/tvbox/tok.txt"
    },
    {
      "key": "相声小品",
      "name": "⭐️F.｜相声小品",
      "type": 3,
      "api": "csp_Bili",
      "searchable": 0,
      "quickSearch": 1,
      "filterable": 1,
      "ext": "./lib/哔哩相声.json"
    },
    {
      "key": "戏曲杂苑",
      "name": "⭐️F.｜戏曲杂苑",
      "type": 3,
      "api": "csp_Bili",
      "searchable": 0,
      "quickSearch": 1,
      "filterable": 1,
      "ext": "./lib/哔哩戏曲.json"
    }
  ],
  "parses": [
    {
      "name": "Web聚合",
      "type": 3,
      "url": "Web"
    },
    {
      "name": "-咸鱼-",
      "type": 0,
      "url": "https://jx.xyflv.cc/?url=",
      "ext": {
        "header": {
          "user-agent": "Mozilla/5.0 (Linux; Android 13; V2049A Build/TP1A.220624.014; wv) AppleWebKit/537.36 (KHTML, like Gecko) Version/4.0 Chrome/116.0.0.0 Mobile Safari/537.36",
          "referer": "https://www.xyflv.cc/"
        }
      }
    },
    {
      "name": "-虾米-",
      "type": 0,
      "url": "https://jx.xmflv.com/?url=",
      "ext": {
        "header": {
          "user-agent": "Mozilla/5.0 (Windows NT 10.0; Win64; x64) AppleWebKit/537.36 (KHTML, like Gecko) Chrome/110.0.0.0 Safari/537.36 Edg/110.0.1587.57"
        }
      }
    },
    {
      "name": "-爱酷-",
      "type": 0,
      "url": "https://jx.zhanlangbu.com/?url=",
      "ext": {
        "flag": [
          "qq",
          "腾讯",
          "qiyi",
          "爱奇艺",
          "奇艺",
          "youku",
          "优酷",
          "mgtv",
          "芒果",
          "letv",
          "乐视",
          "pptv",
          "PPTV",
          "sohu",
          "bilibili",
          "哔哩哔哩",
          "哔哩"
        ],
        "ext": {
          "header": {
            "user-agent": "Mozilla/5.0 (Linux; Android 13; V2049A Build/TP1A.220624.014; wv) AppleWebKit/537.36 (KHTML, like Gecko) Version/4.0 Chrome/116.0.0.0 Mobile Safari/537.36"
          }
        }
      }
    },
    {
      "name": "-云解析-",
      "type": 0,
      "url": "https://jx.yparse.com/index.php?url=",
      "ext": {
        "header": {
          "user-agent": "Mozilla/5.0 (Linux; Android 13; V2049A Build/TP1A.220624.014; wv) AppleWebKit/537.36 (KHTML, like Gecko) Version/4.0 Chrome/116.0.0.0 Mobile Safari/537.36"
        }
      }
    },
    {
      "name": "-777-",
      "type": 0,
      "url": "https://jx.jsonplayer.com/player/?url=",
      "ext": {
        "header": {
          "user-agent": "Mozilla/5.0 (Linux; Android 13; V2049A Build/TP1A.220624.014; wv) AppleWebKit/537.36 (KHTML, like Gecko) Version/4.0 Chrome/116.0.0.0 Mobile Safari/537.36"
        }
      }
    },
    {
      "name": "-剖云-",
      "type": 0,
      "url": "https://www.kkvip2022.com/vip/jiexi1/?url=",
      "ext": {
        "header": {
          "user-agent": "Mozilla/5.0 (Linux; Android 13; V2049A Build/TP1A.220624.014; wv) AppleWebKit/537.36 (KHTML, like Gecko) Version/4.0 Chrome/116.0.0.0 Mobile Safari/537.36"
        }
      }
    },
    {
      "name": "-全看-",
      "type": 0,
      "url": "https://jx.quankan.app/?url=",
      "ext": {
        "header": {
          "user-agent": "Mozilla/5.0 (Linux; Android 13; V2049A Build/TP1A.220624.014; wv) AppleWebKit/537.36 (KHTML, like Gecko) Version/4.0 Chrome/116.0.0.0 Mobile Safari/537.36"
        }
      }
    },
    {
      "name": "-爱豆-",
      "type": 0,
      "url": "https://jx.aidouer.net/?url=",
      "ext": {
        "header": {
          "user-agent": "Mozilla/5.0 (Linux; Android 13; V2049A Build/TP1A.220624.014; wv) AppleWebKit/537.36 (KHTML, like Gecko) Version/4.0 Chrome/116.0.0.0 Mobile Safari/537.36",
          "referer": "https://jiejie.uk/"
        }
      }
    }
  ],
  "flags": [
    "youku",
    "qq",
    "iqiyi",
    "qiyi",
    "letv",
    "sohu",
    "tudou",
    "pptv",
    "mgtv",
    "wasu",
    "bilibili",
    "renrenmi"
  ],
  "rules": [
    {
      "host": "www.iesdouyin.com",
      "rule": [
        "playwm/?video_id="
      ]
    },
    {
      "host": "www.ysgc.vip",
      "rule": [
        "getm3u8?url=http"
      ]
    },
    {
      "host": "v.douyin.com",
      "rule": [
        "playwm/?video_id="
      ]
    },
    {
      "host": "dyxs20.com",
      "rule": [
        ".m3u8"
      ]
    },
    {
      "host": "www.agemys.cc",
      "rule": [
        "cdn-tos",
        "obj/tos-cn"
      ]
    },
    {
      "host": "www.sharenice.net",
      "rule": [
        "http.*?/play.{0,3}\\?[^url]{2,8}=.*",
        "qianpailive.com",
        "vid="
      ]
    },
    {
      "name": "采集站广告",
      "hosts": [
        "vip.ffzy",
        "hd.ffzy",
        "vip.lz",
        "hd.lz",
        ".cdnlz",
        "suonizy",
        "bfzy"
      ],
      "regex": [
        "#EXTINF.*?\\s+.*?1o.*?\\.ts\\s+"
      ]
    },
    {
      "name": "磁力广告",
      "hosts": [
        "magnet"
      ],
      "regex": [
        "更多",
        "请访问",
        "example",
        "社 區",
        "x u u",
        "最 新",
        "直 播",
        "更 新",
        "社 区",
        "有 趣",
        "英皇体育",
        "全中文AV在线",
        "澳门皇冠赌场",
        "哥哥快来",
        "美女荷官",
        "裸聊",
        "新片首发",
        "UUE29"
      ]
    }
  ],
  "ijk": [
    {
      "group": "软解码",
      "options": [
        {
          "category": 4,
          "name": "opensles",
          "value": "0"
        },
        {
          "category": 4,
          "name": "overlay-format",
          "value": "842225234"
        },
        {
          "category": 4,
          "name": "framedrop",
          "value": "1"
        },
        {
          "category": 4,
          "name": "soundtouch",
          "value": "1"
        },
        {
          "category": 4,
          "name": "start-on-prepared",
          "value": "1"
        },
        {
          "category": 1,
          "name": "http-detect-range-support",
          "value": "0"
        },
        {
          "category": 1,
          "name": "fflags",
          "value": "fastseek"
        },
        {
          "category": 2,
          "name": "skip_loop_filter",
          "value": "48"
        },
        {
          "category": 4,
          "name": "reconnect",
          "value": "1"
        },
        {
          "category": 4,
          "name": "enable-accurate-seek",
          "value": "0"
        },
        {
          "category": 4,
          "name": "mediacodec",
          "value": "0"
        },
        {
          "category": 4,
          "name": "mediacodec-auto-rotate",
          "value": "0"
        },
        {
          "category": 4,
          "name": "mediacodec-handle-resolution-change",
          "value": "0"
        },
        {
          "category": 4,
          "name": "mediacodec-hevc",
          "value": "0"
        },
        {
          "category": 1,
          "name": "dns_cache_timeout",
          "value": "600000000"
        }
      ]
    },
    {
      "group": "硬解码",
      "options": [
        {
          "category": 4,
          "name": "opensles",
          "value": "0"
        },
        {
          "category": 4,
          "name": "overlay-format",
          "value": "842225234"
        },
        {
          "category": 4,
          "name": "framedrop",
          "value": "1"
        },
        {
          "category": 4,
          "name": "soundtouch",
          "value": "1"
        },
        {
          "category": 4,
          "name": "start-on-prepared",
          "value": "1"
        },
        {
          "category": 1,
          "name": "http-detect-range-support",
          "value": "0"
        },
        {
          "category": 1,
          "name": "fflags",
          "value": "fastseek"
        },
        {
          "category": 2,
          "name": "skip_loop_filter",
          "value": "48"
        },
        {
          "category": 4,
          "name": "reconnect",
          "value": "1"
        },
        {
          "category": 4,
          "name": "enable-accurate-seek",
          "value": "0"
        },
        {
          "category": 4,
          "name": "mediacodec",
          "value": "1"
        },
        {
          "category": 4,
          "name": "mediacodec-auto-rotate",
          "value": "1"
        },
        {
          "category": 4,
          "name": "mediacodec-handle-resolution-change",
          "value": "1"
        },
        {
          "category": 4,
          "name": "mediacodec-hevc",
          "value": "1"
        },
        {
          "category": 1,
          "name": "dns_cache_timeout",
          "value": "600000000"
        }
      ]
    }
  ],
  "ads": [
    "mimg.0c1q0l.cn",
    "www.googletagmanager.com",
    "www.google-analytics.com",
    "mc.usihnbcq.cn",
    "mg.g1mm3d.cn",
    "mscs.svaeuzh.cn",
    "cnzz.hhttm.top",
    "tp.vinuxhome.com",
    "cnzz.mmstat.com",
    "www.baihuillq.com",
    "s23.cnzz.com",
    "z3.cnzz.com",
    "c.cnzz.com",
    "stj.v1vo.top",
    "z12.cnzz.com",
    "img.mosflower.cn",
    "tips.gamevvip.com",
    "ehwe.yhdtns.com",
    "xdn.cqqc3.com",
    "www.jixunkyy.cn",
    "sp.chemacid.cn",
    "hm.baidu.com",
    "s9.cnzz.com",
    "z6.cnzz.com",
    "um.cavuc.com",
    "mav.mavuz.com",
    "wofwk.aoidf3.com",
    "z5.cnzz.com",
    "xc.hubeijieshikj.cn",
    "tj.tianwenhu.com",
    "xg.gars57.cn",
    "k.jinxiuzhilv.com",
    "cdn.bootcss.com",
    "ppl.xunzhuo123.com",
    "xomk.jiangjunmh.top",
    "img.xunzhuo123.com",
    "z1.cnzz.com",
    "s13.cnzz.com",
    "xg.huataisangao.cn",
    "z7.cnzz.com",
    "xg.huataisangao.cn",
    "z2.cnzz.com",
    "s96.cnzz.com",
    "q11.cnzz.com",
    "thy.dacedsfa.cn",
    "xg.whsbpw.cn",
    "s19.cnzz.com",
    "z8.cnzz.com",
    "s4.cnzz.com",
    "f5w.as12df.top",
    "ae01.alicdn.com",
    "www.92424.cn",
    "k.wudejia.com",
    "vivovip.mmszxc.top",
    "qiu.xixiqiu.com",
    "cdnjs.hnfenxun.com",
    "cms.qdwght.com",
    "api.htpan.net"
  ]
}